<?xml version="1.0" encoding="UTF-8"?>
<project-private xmlns="http://www.netbeans.org/ns/project-private/1">
    <editor-bookmarks xmlns="http://www.netbeans.org/ns/editor-bookmarks/2" lastBookmarkId="0"/>
    <open-files xmlns="http://www.netbeans.org/ns/projectui-open-files/2">
        <group>
            <file>file:/C:/Users/gamer/Desktop/College%20Classes/Intro%20to%20Java%20CIS2571/Programs/HomeworkCh13/src/labch13/Rectangle.java</file>
            <file>file:/C:/Users/gamer/Desktop/College%20Classes/Intro%20to%20Java%20CIS2571/Programs/HomeworkCh13/src/labch13/HomeworkCh13.java</file>
            <file>file:/C:/Users/gamer/Desktop/College%20Classes/Intro%20to%20Java%20CIS2571/Programs/HomeworkCh13/src/labch13/Square.java</file>
        </group>
    </open-files>
</project-private>
